id,creationDate,lastUpdateDate,createdBy,lastUpdatedBy,skill,employee
1,2020-02-04T11:47:52,2020-02-04T11:47:52.012,jane.smith@example.com,jane.smith@example.com,6,179
2,2020-02-04T11:48:32,2020-02-04T11:48:32.005,jane.smith@example.com,jane.smith@example.com,1,100
3,2020-02-04T11:48:44,2020-02-04T11:48:44.005,jane.smith@example.com,jane.smith@example.com,4,101
4,2020-02-04T11:48:54,2020-02-04T11:48:54.005,jane.smith@example.com,jane.smith@example.com,6,104
5,2020-02-04T11:49:09,2020-02-04T11:49:09.005,jane.smith@example.com,jane.smith@example.com,8,104
6,2020-02-04T12:01:30,2020-02-04T12:01:30.008,jane.smith@example.com,jane.smith@example.com,7,102
7,2020-02-04T12:01:40,2020-02-04T12:01:40.011,jane.smith@example.com,jane.smith@example.com,3,103
8,2020-02-04T12:01:59,2020-02-04T12:01:59.004,jane.smith@example.com,jane.smith@example.com,2,108
9,2020-02-04T12:02:12,2020-02-04T12:02:12.004,jane.smith@example.com,jane.smith@example.com,1,108
10,2020-02-04T12:02:12,2020-02-04T12:02:12.004,jane.smith@example.com,jane.smith@example.com,5,100
11,2020-02-04T12:02:12,2020-02-04T12:02:12.004,jane.smith@example.com,jane.smith@example.com,5,101
12,2020-02-04T12:02:12,2020-02-04T12:02:12.004,jane.smith@example.com,jane.smith@example.com,5,102
13,2020-02-04T12:02:12,2020-02-04T12:02:12.004,jane.smith@example.com,jane.smith@example.com,2,103
14,2020-02-04T12:02:12,2020-02-04T12:02:12.004,jane.smith@example.com,jane.smith@example.com,3,104
15,2020-02-04T12:02:12,2020-02-04T12:02:12.004,jane.smith@example.com,jane.smith@example.com,4,105
16,2020-02-04T12:02:12,2020-02-04T12:02:12.004,jane.smith@example.com,jane.smith@example.com,4,104
17,2020-02-04T12:02:12,2020-02-04T12:02:12.004,jane.smith@example.com,jane.smith@example.com,3,105
18,2020-02-04T12:02:12,2020-02-04T12:02:12.004,jane.smith@example.com,jane.smith@example.com,2,106
19,2020-02-04T12:02:12,2020-02-04T12:02:12.004,jane.smith@example.com,jane.smith@example.com,3,106
20,2020-02-04T12:02:12,2020-02-04T12:02:12.004,jane.smith@example.com,jane.smith@example.com,2,107
21,2020-02-04T12:02:12,2020-02-04T12:02:12.004,jane.smith@example.com,jane.smith@example.com,3,107
22,2020-02-04T12:02:12,2020-02-04T12:02:12.004,jane.smith@example.com,jane.smith@example.com,4,107
23,2020-02-04T12:02:12,2020-02-04T12:02:12.004,jane.smith@example.com,jane.smith@example.com,6,108
24,2020-02-04T12:02:12,2020-02-04T12:02:12.004,jane.smith@example.com,jane.smith@example.com,6,109
25,2020-02-04T12:02:12,2020-02-04T12:02:12.004,jane.smith@example.com,jane.smith@example.com,6,110
26,2020-02-04T12:02:12,2020-02-04T12:02:12.004,jane.smith@example.com,jane.smith@example.com,6,111
27,2020-02-04T12:02:12,2020-02-04T12:02:12.004,jane.smith@example.com,jane.smith@example.com,6,112
28,2020-02-04T12:02:12,2020-02-04T12:02:12.004,jane.smith@example.com,jane.smith@example.com,6,113
29,2020-02-04T12:02:12,2020-02-04T12:02:12.004,jane.smith@example.com,jane.smith@example.com,5,114
30,2020-02-04T12:02:12,2020-02-04T12:02:12.004,jane.smith@example.com,jane.smith@example.com,8,145
31,2020-02-04T12:02:12,2020-02-04T12:02:12.004,jane.smith@example.com,jane.smith@example.com,8,146
32,2020-02-04T12:02:12,2020-02-04T12:02:12.004,jane.smith@example.com,jane.smith@example.com,8,147
33,2020-02-04T12:02:12,2020-02-04T12:02:12.004,jane.smith@example.com,jane.smith@example.com,8,148
34,2020-02-04T12:02:12,2020-02-04T12:02:12.004,jane.smith@example.com,jane.smith@example.com,8,149
35,2020-02-04T12:02:12,2020-02-04T12:02:12.004,jane.smith@example.com,jane.smith@example.com,8,150
36,2020-02-04T12:02:12,2020-02-04T12:02:12.004,jane.smith@example.com,jane.smith@example.com,8,151
37,2020-02-04T12:02:12,2020-02-04T12:02:12.004,jane.smith@example.com,jane.smith@example.com,8,152
38,2020-02-04T12:02:12,2020-02-04T12:02:12.004,jane.smith@example.com,jane.smith@example.com,8,153
39,2020-02-04T12:02:12,2020-02-04T12:02:12.004,jane.smith@example.com,jane.smith@example.com,8,154
40,2020-02-04T12:02:12,2020-02-04T12:02:12.004,jane.smith@example.com,jane.smith@example.com,8,155
41,2020-02-04T12:02:12,2020-02-04T12:02:12.004,jane.smith@example.com,jane.smith@example.com,8,156
42,2020-02-04T12:02:12,2020-02-04T12:02:12.004,jane.smith@example.com,jane.smith@example.com,8,157
43,2020-02-04T12:02:12,2020-02-04T12:02:12.004,jane.smith@example.com,jane.smith@example.com,8,158
44,2020-02-04T12:02:12,2020-02-04T12:02:12.004,jane.smith@example.com,jane.smith@example.com,8,159
45,2020-02-04T12:02:12,2020-02-04T12:02:12.004,jane.smith@example.com,jane.smith@example.com,8,160
46,2020-02-04T12:02:12,2020-02-04T12:02:12.004,jane.smith@example.com,jane.smith@example.com,8,161
47,2020-02-04T12:02:12,2020-02-04T12:02:12.004,jane.smith@example.com,jane.smith@example.com,8,162
48,2020-02-04T12:02:12,2020-02-04T12:02:12.004,jane.smith@example.com,jane.smith@example.com,8,163
49,2020-02-04T12:02:12,2020-02-04T12:02:12.004,jane.smith@example.com,jane.smith@example.com,8,164
50,2020-02-04T12:02:12,2020-02-04T12:02:12.004,jane.smith@example.com,jane.smith@example.com,8,165
51,2020-02-04T12:02:12,2020-02-04T12:02:12.004,jane.smith@example.com,jane.smith@example.com,8,166
52,2020-02-04T12:02:12,2020-02-04T12:02:12.004,jane.smith@example.com,jane.smith@example.com,8,167
53,2020-02-04T12:02:12,2020-02-04T12:02:12.004,jane.smith@example.com,jane.smith@example.com,8,168
54,2020-02-04T12:02:12,2020-02-04T12:02:12.004,jane.smith@example.com,jane.smith@example.com,8,169
55,2020-02-04T12:02:12,2020-02-04T12:02:12.004,jane.smith@example.com,jane.smith@example.com,8,170
56,2020-02-04T12:02:12,2020-02-04T12:02:12.004,jane.smith@example.com,jane.smith@example.com,8,171
57,2020-02-04T12:02:12,2020-02-04T12:02:12.004,jane.smith@example.com,jane.smith@example.com,8,172
58,2020-02-04T12:02:12,2020-02-04T12:02:12.004,jane.smith@example.com,jane.smith@example.com,8,173
59,2020-02-04T12:02:12,2020-02-04T12:02:12.004,jane.smith@example.com,jane.smith@example.com,8,174
60,2020-02-04T12:02:12,2020-02-04T12:02:12.004,jane.smith@example.com,jane.smith@example.com,8,175
61,2020-02-04T12:02:12,2020-02-04T12:02:12.004,jane.smith@example.com,jane.smith@example.com,8,176
62,2020-02-04T12:02:12,2020-02-04T12:02:12.004,jane.smith@example.com,jane.smith@example.com,8,177
63,2020-02-04T12:02:12,2020-02-04T12:02:12.004,jane.smith@example.com,jane.smith@example.com,8,178
64,2020-02-04T12:02:12,2020-02-04T12:02:12.004,jane.smith@example.com,jane.smith@example.com,8,179
65,2020-02-04T12:02:12,2020-02-04T12:02:12.004,jane.smith@example.com,jane.smith@example.com,5,201
66,2020-02-04T12:02:12,2020-02-04T12:02:12.004,jane.smith@example.com,jane.smith@example.com,7,203
67,2020-02-04T12:02:12,2020-02-04T12:02:12.004,jane.smith@example.com,jane.smith@example.com,6,205
68,2020-02-04T12:02:12,2020-02-04T12:02:12.004,jane.smith@example.com,jane.smith@example.com,5,205
69,2020-02-04T12:02:12,2020-02-04T12:02:12.004,jane.smith@example.com,jane.smith@example.com,6,206